emp_id,subject,level,job_title,function_code,manager,question1,question2,question3,question4
101,Jane Doe,Level 4,Analyst,IR,Saqib,"Jane demonstrates exceptional dedication to her work, consistently putting in extra effort to ensure her projects not only meet but exceed expectations. Her strong analytical skills and attention to detail have resulted in notable successes, including a significant increase in client satisfaction.","Her proactive approach in seeking additional responsibilities not only enhances her own skill set but also inspires her teammates. Jane has a unique ability to cultivate a collaborative environment where creativity thrives, making her a valuable asset to the team.","To further her development, building confidence in her decision-making abilities will empower Jane to take on leadership roles in complex projects. She should embrace opportunities to present her ideas and contribute to strategic discussions.","Continuing to strengthen her networking skills will be crucial. Engaging with colleagues from various departments will allow Jane to gain diverse perspectives and insights, further enriching her contributions to the organization."
101,Jane Doe,Level 4,Analyst,IR,Saqib,"In leading a major project that resulted in a 20% increase in sales, Jane showcased her strategic mindset and ability to deliver tangible results. Her leadership was key in guiding her team through challenges and aligning their efforts with organizational goals.","Jane actively seeks feedback, demonstrating her commitment to personal and professional growth. This willingness to learn not only benefits her but also contributes to a culture of continuous improvement within the team.","Enhancing her public speaking skills will enable Jane to effectively communicate her insights and recommendations to stakeholders, further amplifying her impact on the organization. Consider participating in workshops or joining speaking clubs.","Focusing on strategic thinking will better prepare Jane for leadership roles. Developing the ability to foresee market trends and align her team's efforts with long-term goals will be vital for her career progression."
101,Jane Doe,Level 4,Analyst,IR,Saqib,"Jane's role in securing a major client for the firm highlights her exceptional interpersonal skills and dedication to fostering strong relationships. She understands client needs and tailors her approach to meet those requirements effectively.","Her commitment to going above and beyond for her team and clients reflects her strong work ethic and dedication. Jane’s ability to maintain positive relationships enhances team morale and client satisfaction alike.","Improving her technical skills will enable Jane to provide more comprehensive support to her team, particularly in data analysis and reporting. This will not only enhance her contributions but also bolster team performance.","Building her leadership capabilities will prepare Jane to take on more significant responsibilities, empowering her to guide her colleagues and influence team dynamics positively."
101,Jane Doe,Level 4,Analyst,IR,Saqib,"By consistently exceeding sales targets, Jane illustrates her strong work ethic and innovative approach to problem-solving. Her creative strategies have significantly contributed to the firm's bottom line and market presence.","Jane's remarkable drive for excellence sets a high standard within her team. She actively encourages her colleagues to pursue their goals and supports them in overcoming obstacles, fostering a culture of success.","Developing public speaking skills will allow Jane to share her valuable insights confidently in meetings, thus facilitating better collaboration and decision-making among her peers.","Cultivating strategic thinking will equip Jane with the foresight to anticipate challenges and identify growth opportunities, which is essential for her development as a future leader in the organization."
106,Alex Kim,Level 1,Assistant,GPE,Saqib,"Alex has been instrumental in streamlining our filing system, which has greatly reduced time spent searching for documents. His proactive approach to organizing shared resources has been particularly beneficial for the team, and his attention to detail ensures nothing slips through the cracks.","Alex embodies our values of responsibility and efficiency. He's always ready to help others and maintains a positive attitude, even during high-pressure situations. This approach has strengthened the team dynamic and set a standard for collaboration.",Alex could work on increasing his familiarity with our project management software. Gaining a deeper understanding will allow him to support team projects more effectively.,Building confidence in team settings would allow Alex to contribute more visibly. Developing stronger communication skills will be essential for future roles.
106,Alex Kim,Level 1,Assistant,GPE,Saqib,"Alex provided excellent support during the company event last month, managing logistics with ease and ensuring all materials were ready ahead of time. His ability to anticipate potential issues was impressive and kept everything running smoothly.","He consistently demonstrates our values of accountability and service. Alex is always willing to go the extra mile to help the team, and he approaches each task with a sense of ownership.",He could benefit from learning to delegate tasks when necessary to prevent overloading himself. Trusting colleagues with simpler tasks would allow him to focus on high-priority work.,Alex should focus on time management and prioritization. These skills will enable him to handle larger projects independently in the future.
106,Alex Kim,Level 1,Assistant,GPE,Saqib,Alex's support with document organization and record-keeping has been invaluable. His attention to detail and dedication to maintaining accurate records significantly benefit our compliance efforts.,"Alex consistently embodies the company's values of excellence and diligence. He approaches every task methodically, which has set a strong example for other team members.","To expand his skill set, Alex could work on familiarizing himself with basic project planning methods. This would enhance his capability to support team leaders in organizing their workloads.",Developing basic project management skills and learning to communicate more assertively will help Alex prepare for more advanced responsibilities.
106,Alex Kim,Level 1,Assistant,GPE,Saqib,"Alex has demonstrated remarkable progress this year, especially in handling complex scheduling tasks. He's managed to reduce double bookings and scheduling conflicts, making things run smoother for everyone involved.","His consistency and adaptability are great assets. Alex models our values of reliability and teamwork by always ensuring his responsibilities are covered, even when tasks change unexpectedly.",Alex would benefit from expanding his skill in using more advanced features of Excel or Google Sheets. Mastering these tools will make his work even more efficient and valuable.,A focus on building confidence during meetings could enable Alex to share his insights more actively. Developing his presentation skills will help him in future roles.
106,Alex Kim,Level 1,Assistant,GPE,Saqib,"Alex is exceptionally diligent in his role, ensuring all incoming data is recorded accurately. This attention to detail has saved us from countless potential errors in reporting.",Alex consistently demonstrates accountability by double-checking his work and following up on tasks without needing prompts. His approach has been crucial to maintaining our team's credibility.,"Alex could improve his task prioritization skills. While he’s thorough, balancing speed with detail will help him meet tight deadlines more efficiently.","To prepare for future roles, Alex should work on developing stronger strategic thinking skills. Expanding his understanding of how his tasks impact larger projects will be valuable."
106,Alex Kim,Level 1,Assistant,GPE,Saqib,"Alex has become a trusted support within the team, handling multiple ongoing projects and ensuring nothing falls through the cracks. His contributions were essential in meeting tight deadlines during our recent audit period.","He exhibits CustomerOrg’s values of reliability and dedication. By consistently delivering on his tasks, Alex ensures others can rely on his work, and this has strengthened the trust within our team.",He should consider building his ability to work independently on more complex tasks without requiring frequent feedback. This will increase his efficiency and help him grow into more autonomous roles.,Alex should focus on improving his initiative and ability to make decisions within his role. Building these skills will position him for greater responsibilities in the future.
106,Alex Kim,Level 1,Assistant,GPE,Saqib,Alex's impact has been most notable in improving team organization. His ability to create easy-to-follow documentation and user guides has been invaluable to new team members. This attention to detail has made onboarding much smoother.,Alex embodies our company's values of excellence and helpfulness. His commitment to keeping his work accessible and organized has had a positive ripple effect on the entire team.,One area Alex could work on is developing his resilience during peak workload periods. Learning strategies to manage stress will enable him to maintain high-quality work even during demanding times.,Enhancing his time management and planning skills will help him as he transitions to roles with greater independence. This skill set is essential for future career growth.
106,Alex Kim,Level 1,Assistant,GPE,Saqib,"Alex has done an exceptional job managing the administrative tasks related to client files, ensuring everything is meticulously organized. His attention to detail has directly contributed to reducing errors.",He demonstrates the values of responsibility and thoroughness in all his work. Alex’s dedication to maintaining a precise filing system has been key to our team's smooth operations.,He would benefit from developing skills in prioritizing time-sensitive tasks. This would allow him to manage his workload better and increase productivity.,Building his confidence and learning to assert himself in meetings would be beneficial. Stronger communication skills will be crucial for him as he takes on more complex tasks in the future.
106,Alex Kim,Level 1,Assistant,GPE,Saqib,Alex has made significant contributions by proactively taking on task management and helping organize team resources. His willingness to take the lead in these areas has been a huge relief to everyone involved.,"Alex consistently reflects our values of teamwork and initiative. By identifying areas for improvement, he takes responsibility and actively works to address them, which has inspired others.",Developing his strategic thinking skills will allow Alex to better align his daily tasks with larger team objectives. This will enhance the value of his contributions.,Improving his ability to prioritize tasks based on impact would prepare Alex for higher responsibility roles in the future. Developing project management capabilities will be valuable as well.
106,Alex Kim,Level 1,Assistant,GPE,Saqib,"Alex’s role in supporting our data collection efforts has been instrumental. His careful attention to detail has ensured our reports remain accurate and trustworthy, and his proactive approach has saved us from several potential issues.",He exhibits our values of diligence and accountability by consistently following through on his tasks. Alex's reliability has had a direct positive impact on the team's efficiency.,Alex might benefit from developing his ability to adapt to new software tools and techniques quickly. This adaptability will make him even more effective in his support role.,"Focusing on enhancing his critical thinking skills will help Alex in handling more complex, higher-stakes tasks independently, which is essential for career advancement."
106,Alex Kim,Level 1,Assistant,GPE,Saqib,Alex has proven to be a reliable team player. He helped ensure our recent project met the deadline by handling administrative tasks efficiently and assisting team members with their needs.,Alex represents the values of service and cooperation well. His positive attitude and willingness to lend a hand make him a valued member of our team.,Working on his skills with our database management software would allow him to contribute even more effectively.,Building his expertise in data management and analysis will be beneficial as he takes on more significant responsibilities. This skill will enhance his career trajectory.
106,Alex Kim,Level 1,Assistant,GPE,Saqib,Alex’s work in keeping our team's documents organized and accessible has saved considerable time. His willingness to keep things on track and support colleagues is commendable.,Alex consistently reflects our values of efficiency and support. His reliable assistance and team-mindedness set an excellent example for others.,Developing his project planning skills would empower Alex to support more extensive projects more effectively.,"Developing project planning abilities will provide Alex with the foundation to manage tasks independently, setting him up for future progression."
