subject,level,job_title,function_code,question,summary
Alice Johnson,Level 2,Vice President,GPE,question1,"Alice has demonstrated exceptional leadership and project management skills, successfully leading multiple projects that have enhanced our market position and achieved significant cost reductions. She effectively managed a cross-functional team to deliver a crucial project on schedule. To further enhance her impact, Alice could focus on expanding her strategic planning capabilities and exploring innovative approaches to tackle future challenges. Overall, her contributions have been instrumental in driving the company's success this year."
Alice Johnson,Level 2,Vice President,GPE,question2,"Alice excels in promoting a collaborative and inclusive work environment, consistently embodying our cultural values. Her efforts encourage teamwork and positivity among colleagues. However, the feedback lacks specific examples or areas for improvement, suggesting a need for more detailed insights into her performance to identify any potential growth opportunities."
Alice Johnson,Level 2,Vice President,GPE,question3,"Alice is encouraged to enhance her technical skills to provide stronger support to her team, as highlighted in multiple feedback points. Additionally, she should focus on understanding emerging market trends to improve her overall effectiveness. These areas for improvement suggest that by broadening her skill set and market knowledge, Alice can significantly boost her contributions and support within the team."
Alice Johnson,Level 2,Vice President,GPE,question4,"Alice consistently receives feedback emphasizing the need to develop her financial acumen, highlighting it as a crucial area for improvement. Additionally, enhancing her strategic planning skills is also identified as important for her progression to the next level. Strengths are not explicitly mentioned, suggesting a primary focus on building these specific competencies to advance in her role."
Bob Brown,Level 5,Senior Manager,IS,question1,"Bob has been pivotal in enhancing operational efficiency by leading the implementation of new technologies and a software system that boosted efficiency by 30%. His efforts in streamlining operations are consistently highlighted as a key strength. To further improve, Bob could focus on expanding his influence to other areas and mentoring colleagues to foster broader technological integration across the organization."
Bob Brown,Level 5,Senior Manager,IS,question2,"Bob consistently embodies company values by prioritizing innovation and continuous improvement. He actively fosters a culture of innovation within his team, encouraging them to pursue new ideas and enhancements. Bob's commitment to these principles is a key strength, as he consistently seeks ways to improve processes and outcomes. However, while the feedback highlights his dedication, it lacks specific examples of how his efforts have led to tangible results or could be further developed. To strengthen his impact, Bob might focus on measurable outcomes and share best practices with colleagues for broader organizational benefit."
Bob Brown,Level 5,Senior Manager,IS,question3,"Bob's feedback highlights a need for improvement in communication skills, as it is repeatedly mentioned that he should articulate his ideas more effectively. Additionally, enhancing time management abilities to better handle multiple projects is another suggested area for growth. These improvements could significantly boost Bob's overall performance and efficiency."
Bob Brown,Level 5,Senior Manager,IS,question4,"Bob's feedback highlights a strong need for improvement in strategic planning, emphasized multiple times, suggesting it's crucial for his advancement. Additionally, developing leadership skills to effectively mentor junior team members is identified as an area for growth. These improvements will enhance Bob’s ability to advance in his role and contribute more significantly to his team."
Carol White,Level 1,Manager,IR,question1,"Carol has demonstrated significant initiative by identifying new business opportunities, notably discovering a new market segment that resulted in a 15% revenue increase. Her proactive approach is a key strength, showcasing her ability to drive growth. However, the feedback could benefit from more detail on areas where Carol might improve or diversify her skills, as the focus is primarily on her achievements in business development."
Carol White,Level 1,Manager,IR,question2,"Carol consistently embodies our values by being proactive and solution-oriented, a key strength recognized across multiple feedbacks. Her dedication to process improvement and driving results further highlights her commitment to excellence. While the feedback emphasizes her proactive nature, it lacks specific suggestions for areas of improvement, indicating that Carol may benefit from targeted guidance to continue her professional growth. Overall, her ability to consistently demonstrate core values and focus on solutions is highly commendable."
Carol White,Level 1,Manager,IR,question3,"Carol consistently needs to improve her negotiation skills, as highlighted repeatedly in the feedback. Additionally, she should focus on developing her analytical abilities to gain a better understanding of market trends. Strengths are not mentioned, indicating the main areas for improvement are negotiation and analytical skills."
Carol White,Level 1,Manager,IR,question4,"Carol's feedback consistently emphasizes the need to enhance her leadership skills, which are crucial for her advancement to the next level. Additionally, there's a suggestion to improve her project management abilities. Overall, Carol's key strength lies in her potential for growth, but she should prioritize developing leadership and project management skills to progress in her career."
Jane Doe,Level 4,Senior Analyst,IR,question1,"Jane is a dedicated and ambitious salesperson, consistently exceeding sales targets. Her leadership on a major project led to a 20% sales increase, and she was instrumental in securing a key client for the firm. Her persistent and success-driven nature highlights her strengths. However, the feedback does not mention any specific areas for improvement, suggesting her performance is highly effective but could benefit from further development opportunities or diversification in skills."
Jane Doe,Level 4,Senior Analyst,IR,question2,"Jane is a proactive team member who consistently seeks learning opportunities and challenges her colleagues to enhance creativity and execution in campaigns. Despite juggling multiple priorities, she excels in managing them effectively. Jane is dedicated to self-improvement, actively seeking feedback, and is committed to exceeding expectations for both her team and clients. Her drive for success and willingness to go the extra mile are notable strengths. However, balancing priorities could be an area for further development to ensure sustained effectiveness across all tasks."
Jane Doe,Level 4,Senior Analyst,IR,question3,"Jane has strong potential for leadership, but she needs to build more confidence to achieve greater success. Improving her public speaking skills is crucial, as it will enhance her ability to present ideas effectively. Additionally, developing her technical skills will better support her team. Focusing on these areas will help Jane grow into a more successful leader."
Jane Doe,Level 4,Senior Analyst,IR,question4,"Jane excels in problem-solving and effectively networks within CustomerOrg, engaging with diverse team members. To prepare for a leadership role, she should enhance her strategic thinking and leadership skills. Prioritizing these areas will position her well for future opportunities."
John Smith,Level 3,Assistant Managing Director,CS,question1,"John has consistently surpassed sales targets and attracted several high-profile clients, showcasing his exceptional ability in client acquisition and negotiation. He also developed a new client onboarding process, significantly enhancing customer satisfaction. While his strengths clearly lie in sales performance and process innovation, the feedback could focus on identifying specific areas for improvement, such as expanding his skills in team leadership or exploring new market strategies to further capitalize on his client acquisition success. Overall, John’s contributions have been instrumental in driving growth and improving client relations."
John Smith,Level 3,Assistant Managing Director,CS,question2,"John consistently embodies CustomerOrg's values, prioritizing customer needs and fostering teamwork. He is known for his willingness to assist colleagues and share his expertise. While his strengths in collaboration and customer focus are repeatedly highlighted, the feedback lacks specific areas for improvement. Overall, John is a valuable team member dedicated to upholding the organization's core principles."
John Smith,Level 3,Assistant Managing Director,CS,question3,"John should focus on enhancing his project management skills, as it is repeatedly mentioned as a key area for improvement, particularly for managing larger accounts. Additionally, improving his technical skills would help him better understand client needs, which is crucial for effective service delivery. Strategic thinking is another area where growth is needed to handle more significant responsibilities. Overall, John's strengths include a foundational ability in these areas, but targeted development in project management, technical understanding, and strategic thinking will enhance his capability to manage larger accounts successfully."
John Smith,Level 3,Assistant Managing Director,CS,question4,"John's feedback emphasizes the need to enhance his strategic thinking and leadership abilities, which are crucial for advancement. Additionally, improving negotiation skills is essential for handling larger deals effectively. Developing project management skills is also highlighted as a key area for growth. Overall, John's strengths include his potential for leadership and strategic development, but he should focus on honing negotiation and project management capabilities to progress further."
